nazwa_dewelopera;forma_prawna_dewelopera;nr_krs;nr_wpisu_do_ceidg;nr_nip;nr_regon;nr_telefonu;adres_poczty_elektronicznej;nr_faxu;adres_strony_internetowej_dewelopera;wojewodztwo_siedziby;powiat_siedziby;gmina_siedziby;miejscowosc_siedziby;ulica_siedziby;nr_nieruchomosci_siedziby;nr_lokalu_siedziby;kod_pocztowy_siedziby;wojewodztwo_sprzedazy;powiat_sprzedazy;gmina_sprzedazy;miejscowosc_sprzedazy;ulica_sprzedazy;nr_nieruchomosci_sprzedazy;nr_lokalu_sprzedazy;kod_pocztowy_sprzedazy;dodatkowe_lokalizacje_sprzedazy;sposob_kontaktu;wojewodztwo_inwestycji;powiat_inwestycji;gmina_inwestycji;miejscowosc_inwestycji;ulica_inwestycji;nr_nieruchomosci_inwestycji;kod_pocztowy_inwestycji;rodzaj_nieruchomosci;nr_lokalu;cena_m2;data_od_cena_m2;cena_lokalu;data_od_cena_lokalu;cena_laczna;data_od_cena_laczna;rodzaj_czesci;oznaczenie_czesci;cena_czesci;data_od_cena_czesci;rodzaj_pomieszczenia;oznaczenie_pomieszczenia;cena_pomieszczenia;data_od_cena_pomieszczenia;opis_praw;wartosc_praw;data_od_wartosc_praw;inne_swiadczenia;wartosc_innych_swiadczen;data_od_wartosc_innych_swiadczen;link_prospekt
Key House Mszczonów;Spółka z Ograniczoną Odpowiedzialnością;1216884;X;5223360040;543746377;784688232;biuro@keyhouse.pl;X;https://www.keyhouse.pl;Mazowieckie;Warszawa;Warszawa;Warszawa;Cyprysowa;23;B;02-265;Mazowieckie;Warszawa;Warszawa;Warszawa;Cyprysowa;23;B;02-265;X;e-mail/telefon;Mazowieckie;Żyrardowski;Mszczonów;Mszczonów;Ługowa;X;96-320;Lokal mieszkalny;1A;10519,54;22.09.2026;490000;22.09.2026;505000;22.09.2026;X;X;X;X;X;X;X;X;X;X;X;X;X;X;www.lumina.keyhouse.pl
Key House Mszczonów;Spółka z Ograniczoną Odpowiedzialnością;1216884;X;5223360040;543746377;784688232;biuro@keyhouse.pl;X;https://www.keyhouse.pl;Mazowieckie;Warszawa;Warszawa;Warszawa;Cyprysowa;23;B;02-265;Mazowieckie;Warszawa;Warszawa;Warszawa;Cyprysowa;23;B;02-265;X;e-mail/telefon;Mazowieckie;Żyrardowski;Mszczonów;Mszczonów;Ługowa;X;96-320;Lokal mieszkalny;1B;9539,61;22.09.2026;460000;22.09.2026;475000;22.09.2026;X;X;X;X;X;X;X;X;X;X;X;X;X;X;www.lumina.keyhouse.pl
Key House Mszczonów;Spółka z Ograniczoną Odpowiedzialnością;1216884;X;5223360040;543746377;784688232;biuro@keyhouse.pl;X;https://www.keyhouse.pl;Mazowieckie;Warszawa;Warszawa;Warszawa;Cyprysowa;23;B;02-265;Mazowieckie;Warszawa;Warszawa;Warszawa;Cyprysowa;23;B;02-265;X;e-mail/telefon;Mazowieckie;Żyrardowski;Mszczonów;Mszczonów;Ługowa;X;96-320;Lokal mieszkalny;2A;9623,1;22.09.2026;360000;22.09.2026;375000;22.09.2026;X;X;X;X;X;X;X;X;X;X;X;X;X;X;www.lumina.keyhouse.pl
Key House Mszczonów;Spółka z Ograniczoną Odpowiedzialnością;1216884;X;5223360040;543746377;784688232;biuro@keyhouse.pl;X;https://www.keyhouse.pl;Mazowieckie;Warszawa;Warszawa;Warszawa;Cyprysowa;23;B;02-265;Mazowieckie;Warszawa;Warszawa;Warszawa;Cyprysowa;23;B;02-265;X;e-mail/telefon;Mazowieckie;Żyrardowski;Mszczonów;Mszczonów;Ługowa;X;96-320;Lokal mieszkalny;2B;10303,96;22.09.2026;400000;22.09.2026;415000;22.09.2026;X;X;X;X;X;X;X;X;X;X;X;X;X;X;www.lumina.keyhouse.pl
Key House Mszczonów;Spółka z Ograniczoną Odpowiedzialnością;1216884;X;5223360040;543746377;784688232;biuro@keyhouse.pl;X;https://www.keyhouse.pl;Mazowieckie;Warszawa;Warszawa;Warszawa;Cyprysowa;23;B;02-265;Mazowieckie;Warszawa;Warszawa;Warszawa;Cyprysowa;23;B;02-265;X;e-mail/telefon;Mazowieckie;Żyrardowski;Mszczonów;Mszczonów;Ługowa;X;96-320;Lokal mieszkalny;3A;X;X;X;X;X;X;X;X;X;X;X;X;X;X;X;X;X;X;X;X;www.lumina.keyhouse.pl
Key House Mszczonów;Spółka z Ograniczoną Odpowiedzialnością;1216884;X;5223360040;543746377;784688232;biuro@keyhouse.pl;X;https://www.keyhouse.pl;Mazowieckie;Warszawa;Warszawa;Warszawa;Cyprysowa;23;B;02-265;Mazowieckie;Warszawa;Warszawa;Warszawa;Cyprysowa;23;B;02-265;X;e-mail/telefon;Mazowieckie;Żyrardowski;Mszczonów;Mszczonów;Ługowa;X;96-320;Lokal mieszkalny;3B;X;X;X;X;X;X;X;X;X;X;X;X;X;X;X;X;X;X;X;X;www.lumina.keyhouse.pl
Key House Mszczonów;Spółka z Ograniczoną Odpowiedzialnością;1216884;X;5223360040;543746377;784688232;biuro@keyhouse.pl;X;https://www.keyhouse.pl;Mazowieckie;Warszawa;Warszawa;Warszawa;Cyprysowa;23;B;02-265;Mazowieckie;Warszawa;Warszawa;Warszawa;Cyprysowa;23;B;02-265;X;e-mail/telefon;Mazowieckie;Żyrardowski;Mszczonów;Mszczonów;Ługowa;X;96-320;Lokal mieszkalny;4A;X;X;X;X;X;X;X;X;X;X;X;X;X;X;X;X;X;X;X;X;www.lumina.keyhouse.pl
Key House Mszczonów;Spółka z Ograniczoną Odpowiedzialnością;1216884;X;5223360040;543746377;784688232;biuro@keyhouse.pl;X;https://www.keyhouse.pl;Mazowieckie;Warszawa;Warszawa;Warszawa;Cyprysowa;23;B;02-265;Mazowieckie;Warszawa;Warszawa;Warszawa;Cyprysowa;23;B;02-265;X;e-mail/telefon;Mazowieckie;Żyrardowski;Mszczonów;Mszczonów;Ługowa;X;96-320;Lokal mieszkalny;4B;X;X;X;X;X;X;X;X;X;X;X;X;X;X;X;X;X;X;X;X;www.lumina.keyhouse.pl
Key House Mszczonów;Spółka z Ograniczoną Odpowiedzialnością;1216884;X;5223360040;543746377;784688232;biuro@keyhouse.pl;X;https://www.keyhouse.pl;Mazowieckie;Warszawa;Warszawa;Warszawa;Cyprysowa;23;B;02-265;Mazowieckie;Warszawa;Warszawa;Warszawa;Cyprysowa;23;B;02-265;X;e-mail/telefon;Mazowieckie;Żyrardowski;Mszczonów;Mszczonów;Ługowa;X;96-320;Lokal mieszkalny;5A;9623,1;22.09.2026;360000;22.09.2026;375000;22.09.2026;X;X;X;X;X;X;X;X;X;X;X;X;X;X;www.lumina.keyhouse.pl
Key House Mszczonów;Spółka z Ograniczoną Odpowiedzialnością;1216884;X;5223360040;543746377;784688232;biuro@keyhouse.pl;X;https://www.keyhouse.pl;Mazowieckie;Warszawa;Warszawa;Warszawa;Cyprysowa;23;B;02-265;Mazowieckie;Warszawa;Warszawa;Warszawa;Cyprysowa;23;B;02-265;X;e-mail/telefon;Mazowieckie;Żyrardowski;Mszczonów;Mszczonów;Ługowa;X;96-320;Lokal mieszkalny;5B;X;X;X;X;X;X;X;X;X;X;X;X;X;X;X;X;X;X;X;X;www.lumina.keyhouse.pl
Key House Mszczonów;Spółka z Ograniczoną Odpowiedzialnością;1216884;X;5223360040;543746377;784688232;biuro@keyhouse.pl;X;https://www.keyhouse.pl;Mazowieckie;Warszawa;Warszawa;Warszawa;Cyprysowa;23;B;02-265;Mazowieckie;Warszawa;Warszawa;Warszawa;Cyprysowa;23;B;02-265;X;e-mail/telefon;Mazowieckie;Żyrardowski;Mszczonów;Mszczonów;Ługowa;X;96-320;Lokal mieszkalny;6A;X;X;X;X;X;X;X;X;X;X;X;X;X;X;X;X;X;X;X;X;www.lumina.keyhouse.pl
Key House Mszczonów;Spółka z Ograniczoną Odpowiedzialnością;1216884;X;5223360040;543746377;784688232;biuro@keyhouse.pl;X;https://www.keyhouse.pl;Mazowieckie;Warszawa;Warszawa;Warszawa;Cyprysowa;23;B;02-265;Mazowieckie;Warszawa;Warszawa;Warszawa;Cyprysowa;23;B;02-265;X;e-mail/telefon;Mazowieckie;Żyrardowski;Mszczonów;Mszczonów;Ługowa;X;96-320;Lokal mieszkalny;6B;X;X;X;X;X;X;X;X;X;X;X;X;X;X;X;X;X;X;X;X;www.lumina.keyhouse.pl
Key House Mszczonów;Spółka z Ograniczoną Odpowiedzialnością;1216884;X;5223360040;543746377;784688232;biuro@keyhouse.pl;X;https://www.keyhouse.pl;Mazowieckie;Warszawa;Warszawa;Warszawa;Cyprysowa;23;B;02-265;Mazowieckie;Warszawa;Warszawa;Warszawa;Cyprysowa;23;B;02-265;X;e-mail/telefon;Mazowieckie;Żyrardowski;Mszczonów;Mszczonów;Ługowa;X;96-320;Lokal mieszkalny;7A;X;X;X;X;X;X;X;X;X;X;X;X;X;X;X;X;X;X;X;X;www.lumina.keyhouse.pl
Key House Mszczonów;Spółka z Ograniczoną Odpowiedzialnością;1216884;X;5223360040;543746377;784688232;biuro@keyhouse.pl;X;https://www.keyhouse.pl;Mazowieckie;Warszawa;Warszawa;Warszawa;Cyprysowa;23;B;02-265;Mazowieckie;Warszawa;Warszawa;Warszawa;Cyprysowa;23;B;02-265;X;e-mail/telefon;Mazowieckie;Żyrardowski;Mszczonów;Mszczonów;Ługowa;X;96-320;Lokal mieszkalny;7B;X;X;X;X;X;X;X;X;X;X;X;X;X;X;X;X;X;X;X;X;www.lumina.keyhouse.pl
Key House Mszczonów;Spółka z Ograniczoną Odpowiedzialnością;1216884;X;5223360040;543746377;784688232;biuro@keyhouse.pl;X;https://www.keyhouse.pl;Mazowieckie;Warszawa;Warszawa;Warszawa;Cyprysowa;23;B;02-265;Mazowieckie;Warszawa;Warszawa;Warszawa;Cyprysowa;23;B;02-265;X;e-mail/telefon;Mazowieckie;Żyrardowski;Mszczonów;Mszczonów;Ługowa;X;96-320;Lokal mieszkalny;8A;X;X;X;X;X;X;X;X;X;X;X;X;X;X;X;X;X;X;X;X;www.lumina.keyhouse.pl
Key House Mszczonów;Spółka z Ograniczoną Odpowiedzialnością;1216884;X;5223360040;543746377;784688232;biuro@keyhouse.pl;X;https://www.keyhouse.pl;Mazowieckie;Warszawa;Warszawa;Warszawa;Cyprysowa;23;B;02-265;Mazowieckie;Warszawa;Warszawa;Warszawa;Cyprysowa;23;B;02-265;X;e-mail/telefon;Mazowieckie;Żyrardowski;Mszczonów;Mszczonów;Ługowa;X;96-320;Lokal mieszkalny;8B;X;X;X;X;X;X;X;X;X;X;X;X;X;X;X;X;X;X;X;X;www.lumina.keyhouse.pl
Key House Mszczonów;Spółka z Ograniczoną Odpowiedzialnością;1216884;X;5223360040;543746377;784688232;biuro@keyhouse.pl;X;https://www.keyhouse.pl;Mazowieckie;Warszawa;Warszawa;Warszawa;Cyprysowa;23;B;02-265;Mazowieckie;Warszawa;Warszawa;Warszawa;Cyprysowa;23;B;02-265;X;e-mail/telefon;Mazowieckie;Żyrardowski;Mszczonów;Mszczonów;Ługowa;X;96-320;Lokal mieszkalny;9A;11399,2;07.09.2026;510000;07.09.2026;525000;07.09.2026;X;X;X;X;X;X;X;X;X;X;X;X;X;X;www.lumina.keyhouse.pl
Key House Mszczonów;Spółka z Ograniczoną Odpowiedzialnością;1216884;X;5223360040;543746377;784688232;biuro@keyhouse.pl;X;https://www.keyhouse.pl;Mazowieckie;Warszawa;Warszawa;Warszawa;Cyprysowa;23;B;02-265;Mazowieckie;Warszawa;Warszawa;Warszawa;Cyprysowa;23;B;02-265;X;e-mail/telefon;Mazowieckie;Żyrardowski;Mszczonów;Mszczonów;Ługowa;X;96-320;Lokal mieszkalny;9B;9471,37;07.09.2026;430000;07.09.2026;445000;07.09.2026;X;X;X;X;X;X;X;X;X;X;X;X;X;X;www.lumina.keyhouse.pl
Key House Mszczonów;Spółka z Ograniczoną Odpowiedzialnością;1216884;X;5223360040;543746377;784688232;biuro@keyhouse.pl;X;https://www.keyhouse.pl;Mazowieckie;Warszawa;Warszawa;Warszawa;Cyprysowa;23;B;02-265;Mazowieckie;Warszawa;Warszawa;Warszawa;Cyprysowa;23;B;02-265;X;e-mail/telefon;Mazowieckie;Żyrardowski;Mszczonów;Mszczonów;Ługowa;X;96-320;Lokal mieszkalny;10A;10519,54;22.09.2026;490000;22.09.2026;505000;22.09.2026;X;X;X;X;X;X;X;X;X;X;X;X;X;X;www.lumina.keyhouse.pl
Key House Mszczonów;Spółka z Ograniczoną Odpowiedzialnością;1216884;X;5223360040;543746377;784688232;biuro@keyhouse.pl;X;https://www.keyhouse.pl;Mazowieckie;Warszawa;Warszawa;Warszawa;Cyprysowa;23;B;02-265;Mazowieckie;Warszawa;Warszawa;Warszawa;Cyprysowa;23;B;02-265;X;e-mail/telefon;Mazowieckie;Żyrardowski;Mszczonów;Mszczonów;Ługowa;X;96-320;Lokal mieszkalny;10B;9539,61;22.09.2026;460000;22.09.2026;475000;22.09.2026;X;X;X;X;X;X;X;X;X;X;X;X;X;X;www.lumina.keyhouse.pl
Key House Mszczonów;Spółka z Ograniczoną Odpowiedzialnością;1216884;X;5223360040;543746377;784688232;biuro@keyhouse.pl;X;https://www.keyhouse.pl;Mazowieckie;Warszawa;Warszawa;Warszawa;Cyprysowa;23;B;02-265;Mazowieckie;Warszawa;Warszawa;Warszawa;Cyprysowa;23;B;02-265;X;e-mail/telefon;Mazowieckie;Żyrardowski;Mszczonów;Mszczonów;Ługowa;X;96-320;Lokal mieszkalny;11A;X;X;X;X;X;X;X;X;X;X;X;X;X;X;X;X;X;X;X;X;www.lumina.keyhouse.pl
Key House Mszczonów;Spółka z Ograniczoną Odpowiedzialnością;1216884;X;5223360040;543746377;784688232;biuro@keyhouse.pl;X;https://www.keyhouse.pl;Mazowieckie;Warszawa;Warszawa;Warszawa;Cyprysowa;23;B;02-265;Mazowieckie;Warszawa;Warszawa;Warszawa;Cyprysowa;23;B;02-265;X;e-mail/telefon;Mazowieckie;Żyrardowski;Mszczonów;Mszczonów;Ługowa;X;96-320;Lokal mieszkalny;11B;10303,96;22.09.2026;400000;22.09.2026;415000;22.09.2026;X;X;X;X;X;X;X;X;X;X;X;X;X;X;www.lumina.keyhouse.pl
Key House Mszczonów;Spółka z Ograniczoną Odpowiedzialnością;1216884;X;5223360040;543746377;784688232;biuro@keyhouse.pl;X;https://www.keyhouse.pl;Mazowieckie;Warszawa;Warszawa;Warszawa;Cyprysowa;23;B;02-265;Mazowieckie;Warszawa;Warszawa;Warszawa;Cyprysowa;23;B;02-265;X;e-mail/telefon;Mazowieckie;Żyrardowski;Mszczonów;Mszczonów;Ługowa;X;96-320;Lokal mieszkalny;12A;X;X;X;X;X;X;X;X;X;X;X;X;X;X;X;X;X;X;X;X;www.lumina.keyhouse.pl
Key House Mszczonów;Spółka z Ograniczoną Odpowiedzialnością;1216884;X;5223360040;543746377;784688232;biuro@keyhouse.pl;X;https://www.keyhouse.pl;Mazowieckie;Warszawa;Warszawa;Warszawa;Cyprysowa;23;B;02-265;Mazowieckie;Warszawa;Warszawa;Warszawa;Cyprysowa;23;B;02-265;X;e-mail/telefon;Mazowieckie;Żyrardowski;Mszczonów;Mszczonów;Ługowa;X;96-320;Lokal mieszkalny;12B;10303,96;22.09.2026;400000;22.09.2026;415000;22.09.2026;X;X;X;X;X;X;X;X;X;X;X;X;X;X;www.lumina.keyhouse.pl
Key House Mszczonów;Spółka z Ograniczoną Odpowiedzialnością;1216884;X;5223360040;543746377;784688232;biuro@keyhouse.pl;X;https://www.keyhouse.pl;Mazowieckie;Warszawa;Warszawa;Warszawa;Cyprysowa;23;B;02-265;Mazowieckie;Warszawa;Warszawa;Warszawa;Cyprysowa;23;B;02-265;X;e-mail/telefon;Mazowieckie;Żyrardowski;Mszczonów;Mszczonów;Ługowa;X;96-320;Lokal mieszkalny;13A;10157,71;22.09.2026;360000;22.09.2026;375000;22.09.2026;X;X;X;X;X;X;X;X;X;X;X;X;X;X;www.lumina.keyhouse.pl
Key House Mszczonów;Spółka z Ograniczoną Odpowiedzialnością;1216884;X;5223360040;543746377;784688232;biuro@keyhouse.pl;X;https://www.keyhouse.pl;Mazowieckie;Warszawa;Warszawa;Warszawa;Cyprysowa;23;B;02-265;Mazowieckie;Warszawa;Warszawa;Warszawa;Cyprysowa;23;B;02-265;X;e-mail/telefon;Mazowieckie;Żyrardowski;Mszczonów;Mszczonów;Ługowa;X;96-320;Lokal mieszkalny;13B;10303,96;22.09.2026;400000;22.09.2026;415000;22.09.2026;X;X;X;X;X;X;X;X;X;X;X;X;X;X;www.lumina.keyhouse.pl
Key House Mszczonów;Spółka z Ograniczoną Odpowiedzialnością;1216884;X;5223360040;543746377;784688232;biuro@keyhouse.pl;X;https://www.keyhouse.pl;Mazowieckie;Warszawa;Warszawa;Warszawa;Cyprysowa;23;B;02-265;Mazowieckie;Warszawa;Warszawa;Warszawa;Cyprysowa;23;B;02-265;X;e-mail/telefon;Mazowieckie;Żyrardowski;Mszczonów;Mszczonów;Ługowa;X;96-320;Lokal mieszkalny;14A;11622,71;22.09.2026;520000;22.09.2026;535000;22.09.2026;X;X;X;X;X;X;X;X;X;X;X;X;X;X;www.lumina.keyhouse.pl
Key House Mszczonów;Spółka z Ograniczoną Odpowiedzialnością;1216884;X;5223360040;543746377;784688232;biuro@keyhouse.pl;X;https://www.keyhouse.pl;Mazowieckie;Warszawa;Warszawa;Warszawa;Cyprysowa;23;B;02-265;Mazowieckie;Warszawa;Warszawa;Warszawa;Cyprysowa;23;B;02-265;X;e-mail/telefon;Mazowieckie;Żyrardowski;Mszczonów;Mszczonów;Ługowa;X;96-320;Lokal mieszkalny;14B;9692,62;22.09.2026;440000;22.09.2026;455000;22.09.2026;X;X;X;X;X;X;X;X;X;X;X;X;X;X;www.lumina.keyhouse.pl
Key House Mszczonów;Spółka z Ograniczoną Odpowiedzialnością;1216884;X;5223360040;543746377;784688232;biuro@keyhouse.pl;X;https://www.keyhouse.pl;Mazowieckie;Warszawa;Warszawa;Warszawa;Cyprysowa;23;B;02-265;Mazowieckie;Warszawa;Warszawa;Warszawa;Cyprysowa;23;B;02-265;X;e-mail/telefon;Mazowieckie;Żyrardowski;Mszczonów;Mszczonów;Ługowa;X;96-320;X;X;X;X;X;X;X;X;Parking Naziemny;1A;15000;11.03.2026;X;X;X;X;X;X;X;X;X;X;www.lumina.keyhouse.pl
Key House Mszczonów;Spółka z Ograniczoną Odpowiedzialnością;1216884;X;5223360040;543746377;784688232;biuro@keyhouse.pl;X;https://www.keyhouse.pl;Mazowieckie;Warszawa;Warszawa;Warszawa;Cyprysowa;23;B;02-265;Mazowieckie;Warszawa;Warszawa;Warszawa;Cyprysowa;23;B;02-265;X;e-mail/telefon;Mazowieckie;Żyrardowski;Mszczonów;Mszczonów;Ługowa;X;96-320;X;X;X;X;X;X;X;X;Parking Naziemny;1B;15000;11.03.2026;X;X;X;X;X;X;X;X;X;X;www.lumina.keyhouse.pl
Key House Mszczonów;Spółka z Ograniczoną Odpowiedzialnością;1216884;X;5223360040;543746377;784688232;biuro@keyhouse.pl;X;https://www.keyhouse.pl;Mazowieckie;Warszawa;Warszawa;Warszawa;Cyprysowa;23;B;02-265;Mazowieckie;Warszawa;Warszawa;Warszawa;Cyprysowa;23;B;02-265;X;e-mail/telefon;Mazowieckie;Żyrardowski;Mszczonów;Mszczonów;Ługowa;X;96-320;X;X;X;X;X;X;X;X;Parking Naziemny;2A;15000;11.03.2026;X;X;X;X;X;X;X;X;X;X;www.lumina.keyhouse.pl
Key House Mszczonów;Spółka z Ograniczoną Odpowiedzialnością;1216884;X;5223360040;543746377;784688232;biuro@keyhouse.pl;X;https://www.keyhouse.pl;Mazowieckie;Warszawa;Warszawa;Warszawa;Cyprysowa;23;B;02-265;Mazowieckie;Warszawa;Warszawa;Warszawa;Cyprysowa;23;B;02-265;X;e-mail/telefon;Mazowieckie;Żyrardowski;Mszczonów;Mszczonów;Ługowa;X;96-320;X;X;X;X;X;X;X;X;Parking Naziemny;2B;15000;11.03.2026;X;X;X;X;X;X;X;X;X;X;www.lumina.keyhouse.pl
Key House Mszczonów;Spółka z Ograniczoną Odpowiedzialnością;1216884;X;5223360040;543746377;784688232;biuro@keyhouse.pl;X;https://www.keyhouse.pl;Mazowieckie;Warszawa;Warszawa;Warszawa;Cyprysowa;23;B;02-265;Mazowieckie;Warszawa;Warszawa;Warszawa;Cyprysowa;23;B;02-265;X;e-mail/telefon;Mazowieckie;Żyrardowski;Mszczonów;Mszczonów;Ługowa;X;96-320;X;X;X;X;X;X;X;X;Parking Naziemny;3A;X;X;X;X;X;X;X;X;X;X;X;X;www.lumina.keyhouse.pl
Key House Mszczonów;Spółka z Ograniczoną Odpowiedzialnością;1216884;X;5223360040;543746377;784688232;biuro@keyhouse.pl;X;https://www.keyhouse.pl;Mazowieckie;Warszawa;Warszawa;Warszawa;Cyprysowa;23;B;02-265;Mazowieckie;Warszawa;Warszawa;Warszawa;Cyprysowa;23;B;02-265;X;e-mail/telefon;Mazowieckie;Żyrardowski;Mszczonów;Mszczonów;Ługowa;X;96-320;X;X;X;X;X;X;X;X;Parking Naziemny;3B;X;X;X;X;X;X;X;X;X;X;X;X;www.lumina.keyhouse.pl
Key House Mszczonów;Spółka z Ograniczoną Odpowiedzialnością;1216884;X;5223360040;543746377;784688232;biuro@keyhouse.pl;X;https://www.keyhouse.pl;Mazowieckie;Warszawa;Warszawa;Warszawa;Cyprysowa;23;B;02-265;Mazowieckie;Warszawa;Warszawa;Warszawa;Cyprysowa;23;B;02-265;X;e-mail/telefon;Mazowieckie;Żyrardowski;Mszczonów;Mszczonów;Ługowa;X;96-320;X;X;X;X;X;X;X;X;Parking Naziemny;4A;X;X;X;X;X;X;X;X;X;X;X;X;www.lumina.keyhouse.pl
Key House Mszczonów;Spółka z Ograniczoną Odpowiedzialnością;1216884;X;5223360040;543746377;784688232;biuro@keyhouse.pl;X;https://www.keyhouse.pl;Mazowieckie;Warszawa;Warszawa;Warszawa;Cyprysowa;23;B;02-265;Mazowieckie;Warszawa;Warszawa;Warszawa;Cyprysowa;23;B;02-265;X;e-mail/telefon;Mazowieckie;Żyrardowski;Mszczonów;Mszczonów;Ługowa;X;96-320;X;X;X;X;X;X;X;X;Parking Naziemny;4B;X;X;X;X;X;X;X;X;X;X;X;X;www.lumina.keyhouse.pl
Key House Mszczonów;Spółka z Ograniczoną Odpowiedzialnością;1216884;X;5223360040;543746377;784688232;biuro@keyhouse.pl;X;https://www.keyhouse.pl;Mazowieckie;Warszawa;Warszawa;Warszawa;Cyprysowa;23;B;02-265;Mazowieckie;Warszawa;Warszawa;Warszawa;Cyprysowa;23;B;02-265;X;e-mail/telefon;Mazowieckie;Żyrardowski;Mszczonów;Mszczonów;Ługowa;X;96-320;X;X;X;X;X;X;X;X;Parking Naziemny;5A;15000;11.03.2026;X;X;X;X;X;X;X;X;X;X;www.lumina.keyhouse.pl
Key House Mszczonów;Spółka z Ograniczoną Odpowiedzialnością;1216884;X;5223360040;543746377;784688232;biuro@keyhouse.pl;X;https://www.keyhouse.pl;Mazowieckie;Warszawa;Warszawa;Warszawa;Cyprysowa;23;B;02-265;Mazowieckie;Warszawa;Warszawa;Warszawa;Cyprysowa;23;B;02-265;X;e-mail/telefon;Mazowieckie;Żyrardowski;Mszczonów;Mszczonów;Ługowa;X;96-320;X;X;X;X;X;X;X;X;Parking Naziemny;5B;X;X;X;X;X;X;X;X;X;X;X;X;www.lumina.keyhouse.pl
Key House Mszczonów;Spółka z Ograniczoną Odpowiedzialnością;1216884;X;5223360040;543746377;784688232;biuro@keyhouse.pl;X;https://www.keyhouse.pl;Mazowieckie;Warszawa;Warszawa;Warszawa;Cyprysowa;23;B;02-265;Mazowieckie;Warszawa;Warszawa;Warszawa;Cyprysowa;23;B;02-265;X;e-mail/telefon;Mazowieckie;Żyrardowski;Mszczonów;Mszczonów;Ługowa;X;96-320;X;X;X;X;X;X;X;X;Parking Naziemny;6A;X;X;X;X;X;X;X;X;X;X;X;X;www.lumina.keyhouse.pl
Key House Mszczonów;Spółka z Ograniczoną Odpowiedzialnością;1216884;X;5223360040;543746377;784688232;biuro@keyhouse.pl;X;https://www.keyhouse.pl;Mazowieckie;Warszawa;Warszawa;Warszawa;Cyprysowa;23;B;02-265;Mazowieckie;Warszawa;Warszawa;Warszawa;Cyprysowa;23;B;02-265;X;e-mail/telefon;Mazowieckie;Żyrardowski;Mszczonów;Mszczonów;Ługowa;X;96-320;X;X;X;X;X;X;X;X;Parking Naziemny;6B;X;X;X;X;X;X;X;X;X;X;X;X;www.lumina.keyhouse.pl
Key House Mszczonów;Spółka z Ograniczoną Odpowiedzialnością;1216884;X;5223360040;543746377;784688232;biuro@keyhouse.pl;X;https://www.keyhouse.pl;Mazowieckie;Warszawa;Warszawa;Warszawa;Cyprysowa;23;B;02-265;Mazowieckie;Warszawa;Warszawa;Warszawa;Cyprysowa;23;B;02-265;X;e-mail/telefon;Mazowieckie;Żyrardowski;Mszczonów;Mszczonów;Ługowa;X;96-320;X;X;X;X;X;X;X;X;Parking Naziemny;7A;X;X;X;X;X;X;X;X;X;X;X;X;www.lumina.keyhouse.pl
Key House Mszczonów;Spółka z Ograniczoną Odpowiedzialnością;1216884;X;5223360040;543746377;784688232;biuro@keyhouse.pl;X;https://www.keyhouse.pl;Mazowieckie;Warszawa;Warszawa;Warszawa;Cyprysowa;23;B;02-265;Mazowieckie;Warszawa;Warszawa;Warszawa;Cyprysowa;23;B;02-265;X;e-mail/telefon;Mazowieckie;Żyrardowski;Mszczonów;Mszczonów;Ługowa;X;96-320;X;X;X;X;X;X;X;X;Parking Naziemny;7B;X;X;X;X;X;X;X;X;X;X;X;X;www.lumina.keyhouse.pl
Key House Mszczonów;Spółka z Ograniczoną Odpowiedzialnością;1216884;X;5223360040;543746377;784688232;biuro@keyhouse.pl;X;https://www.keyhouse.pl;Mazowieckie;Warszawa;Warszawa;Warszawa;Cyprysowa;23;B;02-265;Mazowieckie;Warszawa;Warszawa;Warszawa;Cyprysowa;23;B;02-265;X;e-mail/telefon;Mazowieckie;Żyrardowski;Mszczonów;Mszczonów;Ługowa;X;96-320;X;X;X;X;X;X;X;X;Parking Naziemny;8A;X;X;X;X;X;X;X;X;X;X;X;X;www.lumina.keyhouse.pl
Key House Mszczonów;Spółka z Ograniczoną Odpowiedzialnością;1216884;X;5223360040;543746377;784688232;biuro@keyhouse.pl;X;https://www.keyhouse.pl;Mazowieckie;Warszawa;Warszawa;Warszawa;Cyprysowa;23;B;02-265;Mazowieckie;Warszawa;Warszawa;Warszawa;Cyprysowa;23;B;02-265;X;e-mail/telefon;Mazowieckie;Żyrardowski;Mszczonów;Mszczonów;Ługowa;X;96-320;X;X;X;X;X;X;X;X;Parking Naziemny;8B;X;X;X;X;X;X;X;X;X;X;X;X;www.lumina.keyhouse.pl
Key House Mszczonów;Spółka z Ograniczoną Odpowiedzialnością;1216884;X;5223360040;543746377;784688232;biuro@keyhouse.pl;X;https://www.keyhouse.pl;Mazowieckie;Warszawa;Warszawa;Warszawa;Cyprysowa;23;B;02-265;Mazowieckie;Warszawa;Warszawa;Warszawa;Cyprysowa;23;B;02-265;X;e-mail/telefon;Mazowieckie;Żyrardowski;Mszczonów;Mszczonów;Ługowa;X;96-320;X;X;X;X;X;X;X;X;Parking Naziemny;9A;15000;11.03.2026;X;X;X;X;X;X;X;X;X;X;www.lumina.keyhouse.pl
Key House Mszczonów;Spółka z Ograniczoną Odpowiedzialnością;1216884;X;5223360040;543746377;784688232;biuro@keyhouse.pl;X;https://www.keyhouse.pl;Mazowieckie;Warszawa;Warszawa;Warszawa;Cyprysowa;23;B;02-265;Mazowieckie;Warszawa;Warszawa;Warszawa;Cyprysowa;23;B;02-265;X;e-mail/telefon;Mazowieckie;Żyrardowski;Mszczonów;Mszczonów;Ługowa;X;96-320;X;X;X;X;X;X;X;X;Parking Naziemny;9B;15000;11.03.2026;X;X;X;X;X;X;X;X;X;X;www.lumina.keyhouse.pl
Key House Mszczonów;Spółka z Ograniczoną Odpowiedzialnością;1216884;X;5223360040;543746377;784688232;biuro@keyhouse.pl;X;https://www.keyhouse.pl;Mazowieckie;Warszawa;Warszawa;Warszawa;Cyprysowa;23;B;02-265;Mazowieckie;Warszawa;Warszawa;Warszawa;Cyprysowa;23;B;02-265;X;e-mail/telefon;Mazowieckie;Żyrardowski;Mszczonów;Mszczonów;Ługowa;X;96-320;X;X;X;X;X;X;X;X;Parking Naziemny;10A;15000;11.03.2026;X;X;X;X;X;X;X;X;X;X;www.lumina.keyhouse.pl
Key House Mszczonów;Spółka z Ograniczoną Odpowiedzialnością;1216884;X;5223360040;543746377;784688232;biuro@keyhouse.pl;X;https://www.keyhouse.pl;Mazowieckie;Warszawa;Warszawa;Warszawa;Cyprysowa;23;B;02-265;Mazowieckie;Warszawa;Warszawa;Warszawa;Cyprysowa;23;B;02-265;X;e-mail/telefon;Mazowieckie;Żyrardowski;Mszczonów;Mszczonów;Ługowa;X;96-320;X;X;X;X;X;X;X;X;Parking Naziemny;10B;15000;11.03.2026;X;X;X;X;X;X;X;X;X;X;www.lumina.keyhouse.pl
Key House Mszczonów;Spółka z Ograniczoną Odpowiedzialnością;1216884;X;5223360040;543746377;784688232;biuro@keyhouse.pl;X;https://www.keyhouse.pl;Mazowieckie;Warszawa;Warszawa;Warszawa;Cyprysowa;23;B;02-265;Mazowieckie;Warszawa;Warszawa;Warszawa;Cyprysowa;23;B;02-265;X;e-mail/telefon;Mazowieckie;Żyrardowski;Mszczonów;Mszczonów;Ługowa;X;96-320;X;X;X;X;X;X;X;X;Parking Naziemny;11A;X;X;X;X;X;X;X;X;X;X;X;X;www.lumina.keyhouse.pl
Key House Mszczonów;Spółka z Ograniczoną Odpowiedzialnością;1216884;X;5223360040;543746377;784688232;biuro@keyhouse.pl;X;https://www.keyhouse.pl;Mazowieckie;Warszawa;Warszawa;Warszawa;Cyprysowa;23;B;02-265;Mazowieckie;Warszawa;Warszawa;Warszawa;Cyprysowa;23;B;02-265;X;e-mail/telefon;Mazowieckie;Żyrardowski;Mszczonów;Mszczonów;Ługowa;X;96-320;X;X;X;X;X;X;X;X;Parking Naziemny;11B;15000;11.03.2026;X;X;X;X;X;X;X;X;X;X;www.lumina.keyhouse.pl
Key House Mszczonów;Spółka z Ograniczoną Odpowiedzialnością;1216884;X;5223360040;543746377;784688232;biuro@keyhouse.pl;X;https://www.keyhouse.pl;Mazowieckie;Warszawa;Warszawa;Warszawa;Cyprysowa;23;B;02-265;Mazowieckie;Warszawa;Warszawa;Warszawa;Cyprysowa;23;B;02-265;X;e-mail/telefon;Mazowieckie;Żyrardowski;Mszczonów;Mszczonów;Ługowa;X;96-320;X;X;X;X;X;X;X;X;Parking Naziemny;12A;X;X;X;X;X;X;X;X;X;X;X;X;www.lumina.keyhouse.pl
Key House Mszczonów;Spółka z Ograniczoną Odpowiedzialnością;1216884;X;5223360040;543746377;784688232;biuro@keyhouse.pl;X;https://www.keyhouse.pl;Mazowieckie;Warszawa;Warszawa;Warszawa;Cyprysowa;23;B;02-265;Mazowieckie;Warszawa;Warszawa;Warszawa;Cyprysowa;23;B;02-265;X;e-mail/telefon;Mazowieckie;Żyrardowski;Mszczonów;Mszczonów;Ługowa;X;96-320;X;X;X;X;X;X;X;X;Parking Naziemny;12B;15000;11.03.2026;X;X;X;X;X;X;X;X;X;X;www.lumina.keyhouse.pl
Key House Mszczonów;Spółka z Ograniczoną Odpowiedzialnością;1216884;X;5223360040;543746377;784688232;biuro@keyhouse.pl;X;https://www.keyhouse.pl;Mazowieckie;Warszawa;Warszawa;Warszawa;Cyprysowa;23;B;02-265;Mazowieckie;Warszawa;Warszawa;Warszawa;Cyprysowa;23;B;02-265;X;e-mail/telefon;Mazowieckie;Żyrardowski;Mszczonów;Mszczonów;Ługowa;X;96-320;X;X;X;X;X;X;X;X;Parking Naziemny;13A;15000;11.03.2026;X;X;X;X;X;X;X;X;X;X;www.lumina.keyhouse.pl
Key House Mszczonów;Spółka z Ograniczoną Odpowiedzialnością;1216884;X;5223360040;543746377;784688232;biuro@keyhouse.pl;X;https://www.keyhouse.pl;Mazowieckie;Warszawa;Warszawa;Warszawa;Cyprysowa;23;B;02-265;Mazowieckie;Warszawa;Warszawa;Warszawa;Cyprysowa;23;B;02-265;X;e-mail/telefon;Mazowieckie;Żyrardowski;Mszczonów;Mszczonów;Ługowa;X;96-320;X;X;X;X;X;X;X;X;Parking Naziemny;13B;15000;11.03.2026;X;X;X;X;X;X;X;X;X;X;www.lumina.keyhouse.pl
Key House Mszczonów;Spółka z Ograniczoną Odpowiedzialnością;1216884;X;5223360040;543746377;784688232;biuro@keyhouse.pl;X;https://www.keyhouse.pl;Mazowieckie;Warszawa;Warszawa;Warszawa;Cyprysowa;23;B;02-265;Mazowieckie;Warszawa;Warszawa;Warszawa;Cyprysowa;23;B;02-265;X;e-mail/telefon;Mazowieckie;Żyrardowski;Mszczonów;Mszczonów;Ługowa;X;96-320;X;X;X;X;X;X;X;X;Parking Naziemny;14A;15000;11.03.2026;X;X;X;X;X;X;X;X;X;X;www.lumina.keyhouse.pl
Key House Mszczonów;Spółka z Ograniczoną Odpowiedzialnością;1216884;X;5223360040;543746377;784688232;biuro@keyhouse.pl;X;https://www.keyhouse.pl;Mazowieckie;Warszawa;Warszawa;Warszawa;Cyprysowa;23;B;02-265;Mazowieckie;Warszawa;Warszawa;Warszawa;Cyprysowa;23;B;02-265;X;e-mail/telefon;Mazowieckie;Żyrardowski;Mszczonów;Mszczonów;Ługowa;X;96-320;X;X;X;X;X;X;X;X;Parking Naziemny;14B;15000;11.03.2026;X;X;X;X;X;X;X;X;X;X;www.lumina.keyhouse.pl
